0	2107415-762	0	1246	-1	407348at4751_578462_1:003335|contig_86|-|51|1.493e-08|1|2106654|2107415|2107415[2107415]:2106654[2106654]:762[762]
0	803829-177	0	1362	-1	446124at4751_181874_1:002521|contig_86|-|69|5.697e-14|1|803653|803829|803829[803829]:803653[803653]:177[177]
0	2027368-711	0	2391	-1	176648at4751_246409_1:003c0d|contig_86|-|90|2.717e-20|2|2026658|2027368|2027368[2027368]:2027246[2027246]:123[123]|2027182[2027182]:2026658[2026658]:525[525]
0	804220-722	0	2886	-1	446124at4751_91492_1:00072d|contig_86|-|209|4.087e-56|2|803499|804220|804220[804220]:804140[804140]:81[81]|804086[804086]:803499[803499]:588[588]
0	2259596+726	0	3402	1	331022at4751_1340429_1:0004c5|contig_86|+|63|3.646e-12|1|2259596|2260321|2259596[2259596]:2260321[2260321]:726[726]
0	78620+1143	0	5547	1	23198at4751_1507870_1:000661|contig_86|+|190|2.143e-50|1|78620|79762|78620[78620]:79762[79762]:1143[1143]
0	929196-3666	0	6238	-1	204508at4751_656916_1:00041c|contig_86|-|1021|1.497e-300|6|925531|929196|929196[929196]:929137[929137]:60[60]|928951[928945]:928796[928796]:156[150]|928735[928726]:928565[928565]:171[162]|928509[928506]:927658[927658]:852[849]|926625[926625]:926446[926446]:180[180]|926355[926352]:925531[925531]:825[822]
0	1654124-1735	0	6880	-1	118701at4751_1245748_1:001161|contig_86|-|1100|4.94066e-324|2|1652390|1654124|1654124[1654124]:1654065[1654065]:60[60]|1654009[1654000]:1652390[1652390]:1620[1611]
0	575488+702	0	6889	1	118701at4751_71784_1:001cfa|contig_86|+|61|1.458e-11|1|575488|576189|575488[575488]:576189[576189]:702[702]
0	832123+711	0	6992	1	204508at4751_2004952_1:0008d3|contig_86|+|41|1.529e-05|1|832123|832833|832123[832123]:832833[832833]:711[711]
0	2363021-1630	0	7032	-1	216683at4751_1263082_1:000154|contig_86|-|117|2.024e-28|2|2361392|2363021|2363021[2363021]:2362887[2362887]:135[135]|2362741[2362741]:2361392[2361392]:1350[1350]
0	790195-522	0	7776	-1	216661at4751_1198029_1:000d41|contig_86|-|36|0.0004894|1|789674|790195|790195[790195]:789674[789674]:522[522]
0	926586-138	0	8506	-1	204508at4751_1246674_1:001045|contig_86|-|63|3.646e-12|1|926449|926586|926586[926586]:926449[926449]:138[138]
0	2042835-2058	0	9318	-1	216683at4751_763406_1:000d5d|contig_86|-|259|3.63e-71|4|2040778|2042835|2042835[2042835]:2042725[2042725]:111[111]|2042632[2042632]:2042489[2042489]:144[144]|2042445[2042436]:2042332[2042332]:114[105]|2042001[2042001]:2040778[2040778]:1224[1224]
0	2289405-1248	0	9792	-1	61438at4751_985895_1:002a24|contig_86|-|502|2.568e-144|2|2288158|2289405|2289405[2289405]:2288305[2288305]:1101[1101]|2288235[2288235]:2288158[2288158]:78[78]
0	2294215-6058	0	12057	-1	61438at4751_1509407_1:000301|contig_86|-|1514|0|8|2288158|2294215|2294215[2294215]:2294144[2294144]:72[72]|2294084[2294081]:2293989[2293989]:96[93]|2293938[2293932]:2293564[2293564]:375[369]|2292823[2292823]:2291642[2291642]:1182[1182]|2291177[2291177]:2290956[2290956]:222[222]|2290881[2290881]:2290156[2290156]:726[726]|2289405[2289405]:2288296[2288296]:1110[1110]|2288235[2288235]:2288158[2288158]:78[78]
0	484635-1332	0	12357	-1	225712at4751_1392248_1:0021d6|contig_86|-|666|1.098e-193|3|483304|484635|484635[484635]:484096[484096]:540[540]|484022[484019]:483612[483612]:411[408]|483609[483609]:483304[483304]:306[306]
0	812790-1185	0	12800	-1	494at4751_200324_1:00330f|contig_86|-|39|6.117e-05|1|811606|812790|812790[812790]:811606[811606]:1185[1185]
0	622748+753	0	13419	1	428569at4751_1983410_1:001d9f|contig_86|+|55|9.334e-10|1|622748|623500|622748[622748]:623500[623500]:753[753]
0	2400245-3297	0	13444	-1	431195at4751_1507870_1:0027c4|contig_86|-|289|3.381e-80|1|2396949|2400245|2400245[2400245]:2396949[2396949]:3297[3297]
0	1495360+2892	0	13444	1	431195at4751_1507870_1:0027c4|contig_86|+|147|1.885e-37|1|1495360|1498251|1495360[1495360]:1498251[1498251]:2892[2892]
0	914099-1209	0	13812	-1	204508at4751_1276143_1:000b97|contig_86|-|188|8.572e-50|1|912891|914099|914099[914099]:912891[912891]:1209[1209]
0	2318188+618	0	14046	1	348111at4751_101127_1:00114b|contig_86|+|66|4.558e-13|2|2318188|2318805|2318188[2318188]:2318610[2318610]:423[423]|2318755[2318755]:2318805[2318805]:51[51]
0	2183362+579	0	14120	1	389547at4751_13706_1:002a9a|contig_86|+|60|2.917e-11|1|2183362|2183940|2183362[2183362]:2183940[2183940]:579[579]
0	1025094-1437	0	14448	-1	111189at4751_1306850_1:002513|contig_86|-|155|7.363e-40|1|1023658|1025094|1025094[1025094]:1023658[1023658]:1437[1437]
0	2270604-4020	0	14892	-1	407348at4751_1340429_1:0023b2|contig_86|-|49|5.974e-08|2|2266585|2270604|2270604[2270604]:2270092[2270092]:513[513]|2266626[2266611]:2266585[2266585]:42[27]
0	1740380+324	0	17926	1	407348at4751_1754190_1:0030f2|contig_86|+|38|0.0001223|1|1740380|1740703|1740380[1740380]:1740703[1740703]:324[324]
0	1650582-1071	0	18569	-1	331022at4751_1392248_1:0019ff|contig_86|-|559|1.782e-161|3|1649512|1650582|1650582[1650582]:1650337[1650337]:246[246]|1650266[1650266]:1650045[1650045]:222[222]|1650042[1650042]:1649512[1649512]:531[531]
0	628893-1640	0	23728	-1	225712at4751_183478_1:0009d5|contig_86|-|111|1.295e-26|2|627254|628893|628893[628893]:628801[628801]:93[93]|628753[628753]:627254[627254]:1500[1500]
5	1025682+1259	0	1859	1	297145at4751_330879_1:001f1f|contig_6|+|662|1.757e-192|3|1025682|1026940|1025682[1025682]:1025738[1025738]:57[57]|1025795[1025795]:1025899[1025899]:105[105]|1025960[1025960]:1026940[1026940]:981[981]
5	48090-686	0	1874	-1	330629at4751_330879_1:001e11|contig_6|-|378|5.462e-107|2|47405|48090|48090[48090]:47989[47989]:102[102]|47935[47932]:47405[47405]:531[528]
5	1101025-1017	0	2773	-1	410458at4751_1408163_1:001b62|contig_6|-|348|5.865e-98|1|1100009|1101025|1101025[1101025]:1100009[1100009]:1017[1017]
5	1343628-1452	0	3834	-1	111189at4751_293939_1:0000b8|contig_6|-|900|3.979e-264|1|1342177|1343628|1343628[1343628]:1342177[1342177]:1452[1452]
5	667525+825	0	4986	1	355525at4751_5477_1:000f42|contig_6|+|37|0.0002447|1|667525|668349|667525[667525]:668349[668349]:825[825]
5	701616-231	0	4991	-1	362322at4751_100787_1:004996|contig_6|-|78|1.113e-16|1|701386|701616|701616[701616]:701386[701386]:231[231]
5	1408691+1344	0	5547	1	23198at4751_1507870_1:000661|contig_6|+|193|2.679e-51|4|1408691|1410034|1408691[1408691]:1408873[1408873]:183[183]|1408970[1408982]:1409128[1409128]:159[147]|1409187[1409187]:1409243[1409243]:57[57]|1409606[1409606]:1410034[1410034]:429[429]
5	1894906+519	0	5683	1	331022at4751_40199_1:002cbe|contig_6|+|36|0.0004894|1|1894906|1895424|1894906[1894906]:1895424[1895424]:519[519]
5	285615+816	0	5838	1	428569at4751_5599_1:000ca3|contig_6|+|181|1.097e-47|1|285615|286430|285615[285615]:286430[286430]:816[816]
5	702246-870	0	6514	-1	362322at4751_1392255_1:001593|contig_6|-|508|4.013e-146|4|701377|702246|702246[702246]:702160[702160]:87[87]|702121[702109]:702014[702014]:108[96]|701968[701965]:701672[701672]:297[294]|701616[701613]:701377[701377]:240[237]
5	1324931+819	0	6869	1	111189at4751_2004951_1:001535|contig_6|+|141|1.206e-35|1|1324931|1325749|1324931[1324931]:1325749[1325749]:819[819]
5	269490+2510	0	7884	1	278643at4751_293939_1:0004e4|contig_6|+|1143|0|3|269490|271999|269490[269490]:269846[269846]:357[357]|269904[269916]:270167[270167]:264[252]|270545[270551]:271999[271999]:1455[1449]
5	50040+597	0	8126	1	428774at4751_36022_1:0011aa|contig_6|+|61|1.458e-11|1|50040|50636|50040[50040]:50636[50636]:597[597]
5	1304773-1632	0	9318	-1	216683at4751_763406_1:000d5d|contig_6|-|134|1.544e-33|1|1303142|1304773|1304773[1304773]:1303142[1303142]:1632[1632]
5	622679+609	0	9596	1	407348at4751_763407_1:002f3a|contig_6|+|44|1.912e-06|1|622679|623287|622679[622679]:623287[623287]:609[609]
5	606264-327	0	9644	-1	428774at4751_49012_1:0007ae|contig_6|-|42|7.646e-06|1|605938|606264|606264[606264]:605938[605938]:327[327]
5	780896-1489	0	10665	-1	111189at4751_58627_1:00053d|contig_6|-|157|1.841e-40|2|779408|780896|780896[780896]:779730[779730]:1167[1167]|779713[779713]:779408[779408]:306[306]
5	1897745-765	0	11102	-1	407348at4751_1314790_1:0021f1|contig_6|-|42|7.646e-06|1|1896981|1897745|1897745[1897745]:1896981[1896981]:765[765]
5	407231+444	0	11821	1	362322at4751_1284197_1:00018c|contig_6|+|37|0.0002447|1|407231|407674|407231[407231]:407674[407674]:444[444]
5	1344977-1434	0	12936	-1	111189at4751_330879_1:001f2d|contig_6|-|823|6.012e-241|1|1343544|1344977|1344977[1344977]:1343544[1343544]:1434[1434]
5	1838810-261	0	13173	-1	272711at4751_1268274_1:000abe|contig_6|-|135|7.721e-34|1|1838550|1838810|1838810[1838810]:1838550[1838550]:261[261]
5	192665-1220	0	13419	-1	428569at4751_1983410_1:001d9f|contig_6|-|243|2.379e-66|6|191446|192665|192665[192665]:192615[192615]:51[51]|192564[192561]:192418[192418]:147[144]|192327[192327]:192121[192121]:207[207]|192080[192071]:191925[191925]:156[147]|191783[191783]:191697[191697]:87[87]|191517[191517]:191446[191446]:72[72]
5	1026939+555	0	14752	1	297145at4751_198730_1:002a94|contig_6|+|238|7.613e-65|1|1026939|1027493|1026939[1026939]:1027493[1027493]:555[555]
5	1886895-684	0	14900	-1	407348at4751_64571_1:00084d|contig_6|-|53|3.734e-09|1|1886212|1886895|1886895[1886895]:1886212[1886212]:684[684]
5	1840079-1256	0	15451	-1	272711at4751_330879_1:002043|contig_6|-|641|3.685e-186|4|1838824|1840079|1840079[1840079]:1840032[1840032]:48[48]|1839858[1839858]:1839571[1839571]:288[288]|1839489[1839489]:1839253[1839253]:237[237]|1839198[1839189]:1838824[1838824]:375[366]
5	304567+435	0	17926	1	407348at4751_1754190_1:0030f2|contig_6|+|38|0.0001223|1|304567|305001|304567[304567]:305001[305001]:435[435]
5	470650-219	0	21711	-1	407348at4751_1128425_1:002355|contig_6|-|44|1.912e-06|1|470432|470650|470650[470650]:470432[470432]:219[219]
5	272040+492	0	22286	1	278643at4751_246409_1:000a67|contig_6|+|78|1.113e-16|1|272040|272531|272040[272040]:272531[272531]:492[492]
10	357109-1260	0	5547	-1	23198at4751_1507870_1:000661|contig_2|-|198|8.371e-53|1|355850|357109|357109[357109]:355850[355850]:1260[1260]
10	407076+22144	0	6667	1	444399at4751_694068_1:001a40|contig_2|+|53|3.734e-09|2|407076|429219|407076[407076]:407171[407171]:96[96]|429085[429091]:429219[429219]:135[129]
10	311007-1248	0	8660	-1	279020at4751_4829_1:001d7a|contig_2|-|278|6.924e-77|1|309760|311007|311007[311007]:309760[309760]:1248[1248]
10	642006+4057	0	9176	1	12258at4751_436010_1:003070|contig_2|+|1378|0|2|642006|646062|642006[642006]:643505[643505]:1500[1500]|643507[643507]:646062[646062]:2556[2556]
10	1105022+615	0	9514	1	355454at4751_1165861_1:0021e8|contig_2|+|236|3.045e-64|2|1105022|1105636|1105022[1105022]:1105075[1105075]:54[54]|1105274[1105274]:1105636[1105636]:363[363]
10	643504+2559	0	15234	1	12258at4751_1245748_1:00256d|contig_2|+|1713|0|1|643504|646062|643504[643504]:646062[646062]:2559[2559]
10	480327-378	0	15708	-1	428774at4751_4999_1:0008d2|contig_2|-|49|5.974e-08|1|479950|480327|480327[480327]:479950[479950]:378[378]
10	742312+22254	0	16410	1	407348at4751_1754190_1:000fcd|contig_2|+|47|2.39e-07|2|742312|764565|742312[742312]:742347[742347]:36[36]|764065[764065]:764565[764565]:501[501]
10	43134-1623	0	20846	-1	331022at4751_357750_1:002b5e|contig_2|-|451|5.784e-129|1|41512|43134|43134[43134]:41512[41512]:1623[1623]
10	528034-807	0	22520	-1	428569at4751_91626_1:0016bc|contig_2|-|133|3.088e-33|1|527228|528034|528034[528034]:527228[527228]:807[807]
13	331703+1247	0	5547	1	23198at4751_1507870_1:000661|contig_70|+|137|1.93e-34|4|331703|332949|331703[331703]:331822[331822]:120[120]|331866[331866]:331985[331985]:120[120]|332050[332050]:332187[332187]:138[138]|332524[332524]:332949[332949]:426[426]
13	536058-651	0	9536	-1	355525at4751_269621_1:001113|contig_70|-|37|0.0002447|1|535408|536058|536058[536058]:535408[535408]:651[651]
13	595799+3485	0	10591	1	75976at4751_573508_1:0010cf|contig_70|+|1430|0|5|595799|599283|595799[595799]:595840[595840]:42[42]|595903[595912]:597192[597192]:1290[1281]|597212[597212]:597757[597757]:546[546]|597812[597812]:598741[598741]:930[930]|599008[599008]:599283[599283]:276[276]
13	334934+5360	0	10798	1	20600at4751_1509407_1:001454|contig_70|+|1882|0|4|334934|340293|334934[334934]:337486[337486]:2553[2553]|338125[338125]:338178[338178]:54[54]|338985[338985]:339263[339263]:279[279]|339322[339322]:340293[340293]:972[972]
13	306916+1202	0	12607	1	389547at4751_330879_1:0015ee|contig_70|+|785|1.653e-229|2|306916|308117|306916[306916]:307068[307068]:153[153]|307110[307116]:308117[308117]:1008[1002]
14	91481-645	0	4989	-1	355525at4751_763665_1:0014ac|contig_4|-|55|9.334e-10|1|90837|91481|91481[91481]:90837[90837]:645[645]
14	175579-1042	0	5547	-1	23198at4751_1507870_1:000661|contig_4|-|118|1.012e-28|2|174538|175579|175579[175579]:175331[175331]:249[249]|175161[175161]:174538[174538]:624[624]
14	1248712-966	0	6869	-1	111189at4751_2004951_1:001535|contig_4|-|148|9.425e-38|1|1247747|1248712|1248712[1248712]:1247747[1247747]:966[966]
14	778799-1041	0	6934	-1	172363at4751_660122_1:00177b|contig_4|-|241|9.517e-66|2|777759|778799|778799[778799]:778662[778662]:138[138]|778520[778520]:777759[777759]:762[762]
14	105422+1522	0	19430	1	389547at4751_47428_1:0029c5|contig_4|+|306|2.58e-85|2|105422|106943|105422[105422]:106504[106504]:1083[1083]|106557[106557]:106943[106943]:387[387]
14	1083626-219	0	21147	-1	61438at4751_100787_1:004249|contig_4|-|54|1.867e-09|1|1083408|1083626|1083626[1083626]:1083408[1083408]:219[219]
14	950808+744	0	21712	1	407348at4751_1220926_1:002b65|contig_4|+|42|7.646e-06|1|950808|951551|950808[950808]:951551[951551]:744[744]
17	599239-7556	0	3682	-1	46918at4751_27334_1:0004a5|contig_91|-|2512|0|6|591684|599239|599239[599239]:598976[598976]:264[264]|598929[598920]:596479[596479]:2451[2442]|595783[595783]:595685[595685]:99[99]|595620[595614]:595351[595351]:270[264]|594863[594863]:594240[594240]:624[624]|593660[593660]:591684[591684]:1977[1977]
17	737014-1342	0	5547	-1	23198at4751_1507870_1:000661|contig_91|-|267|1.418e-73|2|735673|737014|737014[737014]:736904[736904]:111[111]|736809[736806]:735673[735673]:1137[1134]
17	703156-842	0	6700	-1	467311at4751_1392255_1:0027d0|contig_91|-|472|2.758e-135|3|702315|703156|703156[703156]:703064[703064]:93[93]|703011[703011]:702496[702496]:516[516]|702437[702434]:702315[702315]:123[120]
17	43132+789	0	6889	1	118701at4751_71784_1:001cfa|contig_91|+|103|3.316e-24|1|43132|43920|43132[43132]:43920[43920]:789[789]
17	253136+1187	0	7082	1	260251at4751_330879_1:002322|contig_91|+|495|3.288e-142|3|253136|254322|253136[253136]:253219[253219]:84[84]|253349[253349]:253840[253840]:492[492]|254077[254077]:254322[254322]:246[246]
17	808038-1018	0	8660	-1	279020at4751_4829_1:001d7a|contig_91|-|315|5.038e-88|2|807021|808038|808038[808038]:807871[807871]:168[168]|807866[807866]:807021[807021]:846[846]
17	968293-1087	0	9141	-1	111189at4751_1220162_1:001cfa|contig_91|-|164|1.438e-42|2|967207|968293|968293[968293]:967313[967313]:981[981]|967269[967260]:967207[967207]:63[54]
17	95692+3708	0	13040	1	204341at4751_1392255_1:0028cf|contig_91|+|1154|0|4|95692|99399|95692[95692]:95844[95844]:153[153]|95892[95892]:96017[96017]:126[126]|96731[96740]:97360[97360]:630[621]|98023[98023]:99399[99399]:1377[1377]
17	671602+47028	0	15700	1	428774at4751_1071382_1:001350|contig_91|+|52|7.467e-09|2|671602|718629|671602[671602]:671910[671910]:309[309]|718579[718582]:718629[718629]:51[48]
17	96767+1261	0	19106	1	204341at4751_253628_1:001583|contig_91|+|446|1.851e-127|2|96767|98027|96767[96767]:97354[97354]:588[588]|97413[97413]:98027[98027]:615[615]
22	1422824+1092	0	2773	1	410458at4751_1408163_1:001b62|contig_10|+|265|5.672e-73|1|1422824|1423915|1422824[1422824]:1423915[1423915]:1092[1092]
22	942349-3760	0	3417	-1	343623at4751_1381753_1:0015fb|contig_10|-|35|0.0009787|2|938590|942349|942349[942349]:941963[941963]:387[387]|938619[938619]:938590[938590]:30[30]
22	759776+732	0	5547	1	23198at4751_1507870_1:000661|contig_10|+|118|1.012e-28|1|759776|760507|759776[759776]:760507[760507]:732[732]
22	2245167-885	0	7329	-1	410458at4751_35722_1:001735|contig_10|-|64|1.823e-12|1|2244283|2245167|2245167[2245167]:2244283[2244283]:885[885]
22	1741531+31720	0	13960	1	279020at4751_1296100_1:0022cd|contig_10|+|48|1.195e-07|2|1741531|1773250|1741531[1741531]:1742133[1742133]:603[603]|1773182[1773182]:1773250[1773250]:69[69]
28	3792-285	0	17926	-1	407348at4751_1754190_1:0030f2|contig_114|-|43|3.823e-06|1|3508|3792|3792[3792]:3508[3508]:285[285]
32	880142+363	0	356	1	330629at4751_322104_1:0002bf|contig_37|+|42|7.646e-06|1|880142|880504|880142[880142]:880504[880504]:363[363]
32	476159-993	0	2773	-1	410458at4751_1408163_1:001b62|contig_37|-|152|5.891e-39|1|475167|476159|476159[476159]:475167[475167]:993[993]
32	553836-450	0	3424	-1	343623at4751_665079_1:000aa9|contig_37|-|38|0.0001223|1|553387|553836|553836[553836]:553387[553387]:450[450]
32	603829-1088	0	4412	-1	447424at4751_330879_1:001f33|contig_37|-|470|1.103e-134|3|602742|603829|603829[603829]:603644[603644]:186[186]|603384[603384]:603007[603007]:378[378]|602987[602978]:602742[602742]:246[237]
32	313949+1233	0	5547	1	23198at4751_1507870_1:000661|contig_37|+|275|5.54e-76|2|313949|315181|313949[313949]:314095[314095]:147[147]|314135[314144]:315181[315181]:1047[1038]
32	273947-583	0	6110	-1	111189at4751_200324_1:0049be|contig_37|-|85|8.693e-19|2|273365|273947|273947[273947]:273549[273549]:399[399]|273508[273496]:273365[273365]:144[132]
32	603384-390	0	9722	-1	447424at4751_158046_1:0017b1|contig_37|-|209|4.087e-56|1|602995|603384|603384[603384]:602995[602995]:390[390]
32	410640+2949	0	13444	1	431195at4751_1507870_1:0027c4|contig_37|+|277|1.385e-76|1|410640|413588|410640[410640]:413588[413588]:2949[2949]
32	860154+540	0	16350	1	355525at4751_1003232_1:00003c|contig_37|+|38|0.0001223|1|860154|860693|860154[860154]:860693[860693]:540[540]
32	325575-950	0	19214	-1	260251at4751_5627_1:0020fc|contig_37|-|157|1.841e-40|2|324626|325575|325575[325575]:325531[325531]:45[45]|325459[325453]:324626[324626]:834[828]
32	883011-1947	0	19524	-1	433181at4751_28573_1:001666|contig_37|-|395|4.167e-112|3|881065|883011|883011[883011]:882577[882577]:435[435]|881910[881910]:881866[881866]:45[45]|881745[881745]:881065[881065]:681[681]
32	883522-2458	0	21040	-1	433181at4751_293939_1:0004c8|contig_37|-|574|5.439e-166|3|881065|883522|883522[883522]:883472[883472]:51[51]|883357[883357]:882989[882989]:369[369]|881763[881763]:881065[881065]:699[699]
32	1037177+315	0	21147	1	61438at4751_100787_1:004249|contig_37|+|121|1.265e-29|1|1037177|1037491|1037177[1037177]:1037491[1037491]:315[315]
33	622164+4239	0	1084	1	292336at4751_28573_1:0014c1|contig_85|+|1162|0|4|622164|626402|622164[622164]:622604[622604]:441[441]|622956[622956]:623474[623474]:519[519]|623540[623540]:623734[623734]:195[195]|624483[624483]:626402[626402]:1920[1920]
33	483496+624	0	2764	1	407348at4751_58291_1:001cc8|contig_85|+|46|4.779e-07|1|483496|484119|483496[483496]:484119[484119]:624[624]
33	2162607+1021	0	5547	1	23198at4751_1507870_1:000661|contig_85|+|86|4.347e-19|2|2162607|2163627|2162607[2162607]:2163134[2163134]:528[528]|2163352[2163352]:2163627[2163627]:276[276]
33	46078-756	0	5838	-1	428569at4751_5599_1:000ca3|contig_85|-|371|6.992e-105|1|45323|46078|46078[46078]:45323[45323]:756[756]
33	2028925-1006	0	6869	-1	111189at4751_2004951_1:001535|contig_85|-|136|3.86e-34|3|2027920|2028925|2028925[2028925]:2028842[2028842]:84[84]|2028756[2028756]:2028130[2028130]:627[627]|2028084[2028072]:2027920[2027920]:165[153]
33	22935+957	0	7329	1	410458at4751_35722_1:001735|contig_85|+|184|1.372e-48|1|22935|23891|22935[22935]:23891[23891]:957[957]
33	867917+3282	0	8388	1	111189at4751_306901_1:0012d5|contig_85|+|222|4.99e-60|2|867917|871198|867917[867917]:869098[869098]:1182[1182]|871136[871142]:871198[871198]:63[57]
33	1725225+4289	0	8742	1	348111at4751_1157616_1:001454|contig_85|+|695|2.046e-202|5|1725225|1729513|1725225[1725225]:1725953[1725953]:729[729]|1727543[1727543]:1727731[1727731]:189[189]|1728163[1728163]:1728693[1728693]:531[531]|1728762[1728774]:1729262[1729262]:501[489]|1729304[1729313]:1729513[1729513]:210[201]
33	482695+708	0	10349	1	407348at4751_402676_1:000997|contig_85|+|38|0.0001223|1|482695|483402|482695[482695]:483402[483402]:708[708]
33	847459-1135	0	10997	-1	331022at4751_763665_1:0012e6|contig_85|-|97|2.122e-22|2|846325|847459|847459[847459]:847319[847319]:141[141]|846882[846882]:846325[846325]:558[558]
33	1531072-747	0	11102	-1	407348at4751_1314790_1:0021f1|contig_85|-|41|1.529e-05|1|1530326|1531072|1531072[1531072]:1530326[1530326]:747[747]
33	524296+4260	0	12882	1	79294at4751_91492_1:000b32|contig_85|+|1690|0|4|524296|528555|524296[524296]:524979[524979]:684[684]|525061[525067]:525408[525408]:348[342]|526850[526850]:526978[526978]:129[129]|527038[527044]:528555[528555]:1518[1512]
33	816171-5609	0	13444	-1	431195at4751_1507870_1:0027c4|contig_85|-|938|1.447e-275|6|810563|816171|816171[816171]:815815[815815]:357[357]|815719[815707]:815666[815666]:54[42]|814781[814781]:814395[814395]:387[387]|814125[814125]:813661[813661]:465[465]|813606[813597]:811684[811684]:1923[1914]|811441[811441]:810563[810563]:879[879]
33	454151-411	0	14004	-1	330629at4751_1069680_1:0002e9|contig_85|-|73|3.561e-15|1|453741|454151|454151[454151]:453741[453741]:411[411]
33	473937-555	0	14892	-1	407348at4751_1340429_1:0023b2|contig_85|-|39|6.117e-05|1|473383|473937|473937[473937]:473383[473383]:555[555]
33	1682556+447	0	18611	1	355454at4751_1286976_1:001d9a|contig_85|+|132|6.177e-33|1|1682556|1683002|1682556[1682556]:1683002[1683002]:447[447]
33	475005+951	0	18738	1	428774at4751_293939_1:001521|contig_85|+|475|3.447e-136|5|475005|475955|475005[475005]:475097[475097]:93[93]|475153[475153]:475308[475308]:156[156]|475372[475372]:475623[475623]:252[252]|475686[475689]:475814[475814]:129[126]|475881[475884]:475955[475955]:75[72]
33	1709422-5205	0	19742	-1	106281at4751_330879_1:0013fb|contig_85|-|1489|0|5|1704218|1709422|1709422[1709422]:1709201[1709201]:222[222]|1709157[1709154]:1708951[1708951]:207[204]|1708896[1708896]:1708807[1708807]:90[90]|1708040[1708040]:1707039[1707039]:1002[1002]|1705870[1705870]:1704218[1704218]:1653[1653]
33	1681140+1863	0	20890	1	355454at4751_330879_1:0014c0|contig_85|+|1201|0|3|1681140|1683002|1681140[1681140]:1681244[1681244]:105[105]|1681316[1681316]:1682500[1682500]:1185[1185]|1682502[1682502]:1683002[1683002]:501[501]
33	1709646-1604	0	23526	-1	106281at4751_1214573_1:001046|contig_85|-|347|1.173e-97|4|1708043|1709646|1709646[1709646]:1709551[1709551]:96[96]|1709389[1709389]:1709207[1709207]:183[183]|1709160[1709160]:1708951[1708951]:210[210]|1708756[1708756]:1708043[1708043]:714[714]
35	16048-1227	0	5547	-1	23198at4751_1507870_1:000661|contig_87|-|249|3.718e-68|1|14822|16048|16048[16048]:14822[14822]:1227[1227]
38	231690-1517	0	5547	-1	23198at4751_1507870_1:000661|contig_9|-|641|3.685e-186|5|230174|231690|231690[231690]:231544[231544]:147[147]|231511[231496]:231443[231443]:69[54]|231375[231363]:230884[230884]:492[480]|230788[230788]:230519[230519]:270[270]|230470[230467]:230174[230174]:297[294]
43	572556-990	0	1246	-1	407348at4751_578462_1:003335|contig_92|-|67|2.279e-13|1|571567|572556|572556[572556]:571567[571567]:990[990]
43	113615-624	0	14142	-1	407348at4751_645134_1:000029|contig_92|-|51|1.493e-08|1|112992|113615|113615[113615]:112992[112992]:624[624]
44	1403165-3310	0	1617	-1	172363at4751_293939_1:001ec2|contig_5|-|1822|0|5|1399856|1403165|1403165[1403165]:1402890[1402890]:276[276]|1402842[1402836]:1402786[1402786]:57[51]|1402736[1402733]:1402530[1402530]:207[204]|1402471[1402462]:1401998[1401998]:474[465]|1401898[1401898]:1399856[1399856]:2043[2043]
44	1285619+23962	0	2149	1	467311at4751_303698_1:00099e|contig_5|+|38|0.0001223|2|1285619|1309580|1285619[1285619]:1285672[1285672]:54[54]|1309206[1309206]:1309580[1309580]:375[375]
44	358768+1437	0	3081	1	111189at4751_871575_1:00029a|contig_5|+|237|1.523e-64|1|358768|360204|358768[358768]:360204[360204]:1437[1437]
44	1790378+938	0	5011	1	377787at4751_330879_1:0001bc|contig_5|+|467|8.825e-134|3|1790378|1791315|1790378[1790378]:1790524[1790524]:147[147]|1790682[1790682]:1790915[1790915]:234[234]|1790992[1791004]:1791315[1791315]:324[312]
44	860717-1469	0	5547	-1	23198at4751_1507870_1:000661|contig_5|-|183|2.743e-48|3|859249|860717|860717[860717]:860409[860409]:309[309]|860224[860224]:860030[860030]:195[195]|859839[859839]:859249[859249]:591[591]
44	2485184+690	0	5547	1	23198at4751_1507870_1:000661|contig_5|+|81|1.391e-17|1|2485184|2485873|2485184[2485184]:2485873[2485873]:690[690]
44	508386-858	0	9470	-1	331022at4751_1116229_1:001c01|contig_5|-|93|3.396e-21|1|507529|508386|508386[508386]:507529[507529]:858[858]
44	555087+804	0	11102	1	407348at4751_1314790_1:0021f1|contig_5|+|57|2.334e-10|1|555087|555890|555087[555087]:555890[555890]:804[804]
44	1845932-39586	0	11285	-1	494at4751_27349_1:000b67|contig_5|-|42|7.646e-06|2|1806347|1845932|1845932[1845932]:1845903[1845903]:30[30]|1806547[1806547]:1806347[1806347]:201[201]
44	2339042-18983	0	11414	-1	111189at4751_1109443_1:00138e|contig_5|-|138|9.651e-35|2|2320060|2339042|2339042[2339042]:2339013[2339013]:30[30]|2321775[2321763]:2320060[2320060]:1716[1704]
44	592148+2126	0	12269	1	191296at4751_330879_1:0000c3|contig_5|+|1333|0|3|592148|594273|592148[592148]:593311[593311]:1164[1164]|593353[593368]:593865[593865]:513[498]|593929[593929]:594273[594273]:345[345]
44	2123375+1275	0	12932	1	111189at4751_1305733_1:000ca1|contig_5|+|142|6.032e-36|1|2123375|2124649|2123375[2123375]:2124649[2124649]:1275[1275]
44	1106065-3915	0	13444	-1	431195at4751_1507870_1:0027c4|contig_5|-|258|7.261e-71|1|1102151|1106065|1106065[1106065]:1102151[1102151]:3915[3915]
44	1570511+7257	0	14660	1	260251at4751_1314800_1:002ebd|contig_5|+|41|1.529e-05|2|1570511|1577767|1570511[1570511]:1570549[1570549]:39[39]|1577663[1577663]:1577767[1577767]:105[105]
44	1017283-333	0	17926	-1	407348at4751_1754190_1:0030f2|contig_5|-|36|0.0004894|1|1016951|1017283|1017283[1017283]:1016951[1016951]:333[333]
44	210489+2235	0	22517	1	428569at4751_519963_1:00045c|contig_5|+|529|1.914e-152|4|210489|212723|210489[210489]:210938[210938]:450[450]|211986[211986]:212057[212057]:72[72]|212225[212225]:212482[212482]:258[258]|212601[212601]:212723[212723]:123[123]
45	141497+1044	0	2773	1	410458at4751_1408163_1:001b62|contig_13|+|103|3.316e-24|1|141497|142540|141497[141497]:142540[142540]:1044[1044]
45	619062-1514	0	5547	-1	23198at4751_1507870_1:000661|contig_13|-|305|5.159e-85|6|617549|619062|619062[619062]:618946[618946]:117[117]|618895[618895]:618836[618836]:60[60]|618789[618786]:618643[618643]:147[144]|618597[618597]:618331[618331]:267[267]|618280[618277]:617972[617972]:309[306]|617761[617761]:617549[617549]:213[213]
45	435823-2961	0	13444	-1	431195at4751_1507870_1:0027c4|contig_13|-|238|7.613e-65|1|432863|435823|435823[435823]:432863[432863]:2961[2961]
47	1623547+744	0	1246	1	407348at4751_578462_1:003335|contig_12|+|49|5.974e-08|1|1623547|1624290|1623547[1623547]:1624290[1624290]:744[744]
47	1436440-648	0	2764	-1	407348at4751_58291_1:001cc8|contig_12|-|42|7.646e-06|1|1435793|1436440|1436440[1436440]:1435793[1435793]:648[648]
47	984713-1070	0	4524	-1	75976at4751_763407_1:000adb|contig_12|-|114|1.619e-27|2|983644|984713|984713[984713]:984555[984555]:159[159]|984486[984486]:983644[983644]:843[843]
47	588338-1462	0	6060	-1	92267at4751_1245748_1:000549|contig_12|-|687|5.237e-200|5|586877|588338|588338[588338]:588282[588282]:57[57]|588227[588221]:588183[588183]:45[39]|588041[588041]:587961[587961]:81[81]|587914[587899]:587765[587765]:150[135]|587710[587701]:586877[586877]:834[825]
47	408221+876	0	6869	1	111189at4751_2004951_1:001535|contig_12|+|191|1.071e-50|1|408221|409096|408221[408221]:409096[409096]:876[876]
47	414399+972	0	6934	1	172363at4751_660122_1:00177b|contig_12|+|262|4.538e-72|3|414399|415370|414399[414399]:414512[414512]:114[114]|414561[414573]:414896[414896]:336[324]|414957[414957]:415370[415370]:414[414]
47	856956+2346	0	10056	1	216661at4751_308745_1:00035f|contig_12|+|962|8.627e-283|5|856956|859301|856956[856956]:857240[857240]:285[285]|857307[857307]:857351[857351]:45[45]|857420[857420]:857719[857719]:300[300]|858086[858086]:858664[858664]:579[579]|858666[858666]:859301[859301]:636[636]
47	1578261+1680	0	10862	1	23198at4751_58291_1:0004fc|contig_12|+|479|2.155e-137|1|1578261|1579940|1578261[1578261]:1579940[1579940]:1680[1680]
47	1580116+5672	0	10865	1	23198at4751_91492_1:0022d2|contig_12|+|3151|0|5|1580116|1585787|1580116[1580116]:1582524[1582524]:2409[2409]|1583108[1583108]:1583287[1583287]:180[180]|1583341[1583344]:1583505[1583505]:165[162]|1583568[1583568]:1584734[1584734]:1167[1167]|1584792[1584792]:1585787[1585787]:996[996]
47	1328544-660	0	11102	-1	407348at4751_1314790_1:0021f1|contig_12|-|53|3.734e-09|1|1327885|1328544|1328544[1328544]:1327885[1327885]:660[660]
47	746045+3052	0	14889	1	407348at4751_109264_1:0020cb|contig_12|+|1174|0|6|746045|749096|746045[746045]:746461[746461]:417[417]|746514[746517]:747212[747212]:699[696]|747266[747266]:747619[747619]:354[354]|747916[747916]:747975[747975]:60[60]|748026[748035]:748073[748073]:48[39]|748170[748170]:749096[749096]:927[927]
47	1437568-444	0	14892	-1	407348at4751_1340429_1:0023b2|contig_12|-|40|3.059e-05|1|1437125|1437568|1437568[1437568]:1437125[1437125]:444[444]
47	586905-855	0	16681	-1	92267at4751_40296_1:00239e|contig_12|-|424|7.763e-121|1|586051|586905|586905[586905]:586051[586051]:855[855]
47	1450127-591	0	18684	-1	407348at4751_1754191_1:001e16|contig_12|-|35|0.0009787|1|1449537|1450127|1450127[1450127]:1449537[1449537]:591[591]
47	212171+1561	0	20028	1	279020at4751_330879_1:00039c|contig_12|+|720|6.097e-210|3|212171|213731|212171[212171]:212206[212206]:36[36]|212294[212294]:212557[212557]:264[264]|212811[212811]:213731[213731]:921[921]
47	751613+935	0	21351	1	176648at4751_502779_1:000e83|contig_12|+|159|4.602e-41|2|751613|752547|751613[751613]:751681[751681]:69[69]|751744[751744]:752547[752547]:804[804]
52	18076-357	0	17926	-1	407348at4751_1754190_1:0030f2|contig_104|-|53|3.734e-09|1|17720|18076|18076[18076]:17720[17720]:357[357]
53	1357407-555	0	473	-1	389547at4751_747676_1:000de7|contig_90|-|41|1.529e-05|1|1356853|1357407|1357407[1357407]:1356853[1356853]:555[555]
53	2200409-4128	0	762	-1	10531at4751_1245748_1:000aef|contig_90|-|1833|0|4|2196282|2200409|2200409[2200409]:2198664[2198664]:1746[1746]|2197892[2197892]:2196771[2196771]:1122[1122]|2196718[2196715]:2196554[2196554]:165[162]|2196482[2196482]:2196282[2196282]:201[201]
53	1930307-300	0	1299	-1	428774at4751_745531_1:000c6d|contig_90|-|36|0.0004894|1|1930008|1930307|1930307[1930307]:1930008[1930008]:300[300]
53	2098168-1605	0	2321	-1	111189at4751_742152_1:0028fc|contig_90|-|47|2.39e-07|1|2096564|2098168|2098168[2098168]:2096564[2096564]:1605[1605]
53	760851-6150	0	3120	-1	14986at4751_40296_1:00134d|contig_90|-|1855|0|5|754702|760851|760851[760851]:760393[760393]:459[459]|760327[760327]:760040[760040]:288[288]|758590[758590]:758060[758060]:531[531]|757999[757990]:756686[756686]:1314[1305]|756681[756681]:754702[754702]:1980[1980]
53	2723262-713	0	3530	-1	410458at4751_1245748_1:000eaa|contig_90|-|294|1.057e-81|3|2722550|2723262|2723262[2723262]:2723230[2723230]:33[33]|2723159[2723156]:2722896[2722896]:264[261]|2722720[2722720]:2722550[2722550]:171[171]
53	1748717-9105	0	4458	-1	494at4751_331117_1:0007fd|contig_90|-|5591|0|1|1739613|1748717|1748717[1748717]:1739613[1739613]:9105[9105]
53	2679177-1405	0	7625	-1	111189at4751_1296096_1:00182e|contig_90|-|114|1.619e-27|2|2677773|2679177|2679177[2679177]:2678086[2678086]:1092[1092]|2677958[2677958]:2677773[2677773]:186[186]
53	2835219-1872	0	9318	-1	216683at4751_763406_1:000d5d|contig_90|-|94|1.698e-21|1|2833348|2835219|2835219[2835219]:2833348[2833348]:1872[1872]
53	1259133-963	0	10813	-1	216661at4751_2004952_1:00003c|contig_90|-|40|3.059e-05|1|1258171|1259133|1259133[1259133]:1258171[1258171]:963[963]
53	1770713-588	0	11102	-1	407348at4751_1314790_1:0021f1|contig_90|-|61|1.458e-11|1|1770126|1770713|1770713[1770713]:1770126[1770126]:588[588]
53	1188987-639	0	11113	-1	407348at4751_930991_1:00069d|contig_90|-|42|7.646e-06|1|1188349|1188987|1188987[1188987]:1188349[1188349]:639[639]
53	1530665-360	0	11590	-1	216683at4751_602072_1:0005d8|contig_90|-|218|7.983e-59|1|1530306|1530665|1530665[1530665]:1530306[1530306]:360[360]
53	1854402-117	0	12248	-1	176648at4751_1237896_1:001957|contig_90|-|36|0.0004894|1|1854286|1854402|1854402[1854402]:1854286[1854286]:117[117]
53	1791173+4368	0	12835	1	61857at4751_656916_1:0005c4|contig_90|+|1898|0|10|1791173|1795540|1791173[1791173]:1791457[1791457]:285[285]|1791508[1791523]:1791738[1791738]:231[216]|1791794[1791806]:1793152[1793152]:1359[1347]|1793577[1793589]:1793624[1793624]:48[36]|1793890[1793890]:1794618[1794618]:729[729]|1794676[1794676]:1794792[1794792]:117[117]|1794852[1794852]:1794926[1794926]:75[75]|1794977[1794980]:1795057[1795057]:81[78]|1795167[1795170]:1795241[1795241]:75[72]|1795295[1795301]:1795540[1795540]:246[240]
53	1855976-5701	0	13008	-1	176648at4751_1392255_1:00010a|contig_90|-|2000|0|4|1850276|1855976|1855976[1855976]:1855764[1855764]:213[213]|1855481[1855481]:1854447[1854447]:1035[1035]|1853111[1853111]:1851441[1851441]:1671[1671]|1851064[1851064]:1850276[1850276]:789[789]
53	210235+773	0	13419	1	428569at4751_1983410_1:001d9f|contig_90|+|100|2.653e-23|2|210235|211007|210235[210235]:210603[210603]:369[369]|210624[210624]:211007[211007]:384[384]
53	2250073+1617	0	13706	1	118701at4751_1427455_1:00095c|contig_90|+|60|2.917e-11|1|2250073|2251689|2250073[2250073]:2251689[2251689]:1617[1617]
53	1569715+2069	0	15120	1	62846at4751_293939_1:0012c3|contig_90|+|1271|0|3|1569715|1571783|1569715[1569715]:1569825[1569825]:111[111]|1569892[1569895]:1570353[1570353]:462[459]|1570419[1570422]:1571783[1571783]:1365[1362]
53	2672701-511	0	17274	-1	444399at4751_1073089_1:0028b1|contig_90|-|266|2.836e-73|3|2672191|2672701|2672701[2672701]:2672612[2672612]:90[90]|2672545[2672539]:2672315[2672315]:231[225]|2672259[2672256]:2672191[2672191]:69[66]
53	1451859-4918	0	18098	-1	46918at4751_946125_1:00293a|contig_90|-|784|3.305e-229|4|1446942|1451859|1451859[1451859]:1451755[1451755]:105[105]|1451593[1451593]:1451183[1451183]:411[411]|1451087[1451087]:1449621[1449621]:1467[1467]|1449527[1449527]:1446942[1446942]:2586[2586]
53	2160616-576	0	18684	-1	407348at4751_1754191_1:001e16|contig_90|-|49|5.974e-08|1|2160041|2160616|2160616[2160616]:2160041[2160041]:576[576]
53	1405536-4014	0	18929	-1	75976at4751_58291_1:0041f7|contig_90|-|595|2.593e-172|1|1401523|1405536|1405536[1405536]:1401523[1401523]:4014[4014]
53	555240-1060	0	19067	-1	176648at4751_101127_1:002253|contig_90|-|50|2.987e-08|2|554181|555240|555240[555240]:554806[554806]:435[435]|554513[554513]:554181[554181]:333[333]
53	2725130-1134	0	19071	-1	176648at4751_1314790_1:000b82|contig_90|-|172|5.618e-45|2|2723997|2725130|2725130[2725130]:2725026[2725026]:105[105]|2724965[2724956]:2723997[2723997]:969[960]
53	1350725+351	0	19669	1	62846at4751_425265_1:00062b|contig_90|+|53|3.734e-09|1|1350725|1351075|1350725[1350725]:1351075[1351075]:351[351]
53	788319+13126	0	20846	1	331022at4751_357750_1:002b5e|contig_90|+|501|5.137e-144|2|788319|801444|788319[788319]:789941[789941]:1623[1623]|801400[801400]:801444[801444]:45[45]
53	1533092-2431	0	21441	-1	216683at4751_41047_1:00125c|contig_90|-|1024|1.871e-301|2|1530662|1533092|1533092[1533092]:1532337[1532337]:756[756]|1531789[1531777]:1530662[1530662]:1128[1116]
53	1907888-624	0	22367	-1	331022at4751_857566_1:0011fe|contig_90|-|35|0.0009787|1|1907265|1907888|1907888[1907888]:1907265[1907265]:624[624]
57	1146780-2463	0	5406	-1	172363at4751_1136231_1:001039|contig_93|-|53|3.734e-09|1|1144318|1146780|1146780[1146780]:1144318[1144318]:2463[2463]
57	1106719-984	0	5547	-1	23198at4751_1507870_1:000661|contig_93|-|151|1.178e-38|1|1105736|1106719|1106719[1106719]:1105736[1105736]:984[984]
57	520340+297	0	7330	1	410458at4751_483514_1:000a8b|contig_93|+|50|2.987e-08|1|520340|520636|520340[520340]:520636[520636]:297[297]
57	721417-4469	0	12567	-1	355525at4751_183478_1:001358|contig_93|-|1201|0|5|716949|721417|721417[721417]:721196[721196]:222[222]|721138[721132]:720977[720977]:162[156]|720913[720913]:719558[719558]:1356[1356]|718209[718209]:717424[717424]:786[786]|717422[717422]:716949[716949]:474[474]
57	906552-630	0	23240	-1	407348at4751_857566_1:000da8|contig_93|-|38|0.0001223|1|905923|906552|906552[906552]:905923[905923]:630[630]
59	71183+882	0	7329	1	410458at4751_35722_1:001735|contig_89|+|63|3.646e-12|1|71183|72064|71183[71183]:72064[72064]:882[882]
63	270386-960	0	2773	-1	410458at4751_1408163_1:001b62|contig_11|-|128|9.883e-32|1|269427|270386|270386[270386]:269427[269427]:960[960]
63	197225+1224	0	5547	1	23198at4751_1507870_1:000661|contig_11|+|198|8.371e-53|1|197225|198448|197225[197225]:198448[198448]:1224[1224]
72	362519-1158	0	5547	-1	23198at4751_1507870_1:000661|contig_3|-|184|1.372e-48|1|361362|362519|362519[362519]:361362[361362]:1158[1158]
72	473819+1148	0	5547	1	23198at4751_1507870_1:000661|contig_3|+|151|1.178e-38|2|473819|474966|473819[473819]:474169[474169]:351[351]|474253[474253]:474966[474966]:714[714]
72	603815-3851	0	10445	-1	437914at4751_441959_1:002692|contig_3|-|1016|4.789e-299|5|599965|603815|603815[603815]:602379[602379]:1437[1437]|602325[602322]:601735[601735]:591[588]|601146[601146]:601090[601090]:57[57]|600892[600892]:600716[600716]:177[177]|600657[600657]:599965[599965]:693[693]
72	475852-396	0	15694	-1	428569at4751_33203_1:001a16|contig_3|-|36|0.0004894|1|475457|475852|475852[475852]:475457[475457]:396[396]
72	64015-1365	0	20846	-1	331022at4751_357750_1:002b5e|contig_3|-|351|7.331e-99|1|62651|64015|64015[64015]:62651[62651]:1365[1365]
74	1356174-1446	0	4597	-1	111189at4751_670580_1:000652|contig_1|-|71|1.424e-14|1|1354729|1356174|1356174[1356174]:1354729[1354729]:1446[1446]
74	13284-954	0	5547	-1	23198at4751_1507870_1:000661|contig_1|-|154|1.473e-39|2|12331|13284|13284[13284]:13012[13012]:273[273]|12930[12930]:12331[12331]:600[600]
74	184330+1143	0	5547	1	23198at4751_1507870_1:000661|contig_1|+|188|8.572e-50|1|184330|185472|184330[184330]:185472[185472]:1143[1143]
74	343248+788	0	5697	1	343623at4751_330879_1:000c45|contig_1|+|394|8.335e-112|2|343248|344035|343248[343248]:343418[343418]:171[171]|343526[343526]:344035[344035]:510[510]
74	1181374+1020	0	8660	1	279020at4751_4829_1:001d7a|contig_1|+|278|6.924e-77|1|1181374|1182393|1181374[1181374]:1182393[1182393]:1020[1020]
74	549912-843	0	9265	-1	204508at4751_1314771_1:00052d|contig_1|-|36|0.0004894|1|549070|549912|549912[549912]:549070[549070]:843[843]
74	1698538+660	0	14900	1	407348at4751_64571_1:00084d|contig_1|+|42|7.646e-06|1|1698538|1699197|1698538[1698538]:1699197[1699197]:660[660]
74	1576985+510	0	15644	1	389547at4751_84753_1:001848|contig_1|+|43|3.823e-06|1|1576985|1577494|1576985[1576985]:1577494[1577494]:510[510]
74	946691+5668	0	17647	1	216683at4751_1344416_1:002dbe|contig_1|+|75|8.902e-16|2|946691|952358|946691[946691]:947515[947515]:825[825]|952320[952320]:952358[952358]:39[39]
74	1342239-402	0	17978	-1	428774at4751_1423351_1:001547|contig_1|-|40|3.059e-05|1|1341838|1342239|1342239[1342239]:1341838[1341838]:402[402]
74	1375189+924	0	18646	1	362322at4751_183478_1:002112|contig_1|+|168|8.988e-44|2|1375189|1376112|1375189[1375189]:1375440[1375440]:252[252]|1375546[1375546]:1376112[1376112]:567[567]
74	1240996-899	0	19214	-1	260251at4751_5627_1:0020fc|contig_1|-|140|2.413e-35|2|1240098|1240996|1240996[1240996]:1240919[1240919]:78[78]|1240874[1240865]:1240098[1240098]:777[768]
74	918738-32685	0	21064	-1	444399at4751_1077348_1:0023f0|contig_1|-|62|7.292e-12|2|886054|918738|918738[918738]:918667[918667]:72[72]|886200[886200]:886054[886054]:147[147]
74	797168-570	0	21712	-1	407348at4751_1220926_1:002b65|contig_1|-|44|1.912e-06|1|796599|797168|797168[797168]:796599[796599]:570[570]
83	1230+183	0	20764	1	278643at4751_1095629_1:004f30|contig_130|+|40|3.059e-05|1|1230|1412|1230[1230]:1412[1412]:183[183]
84	371432+654	0	2026	1	427250at4751_1392255_1:002427|contig_81|+|259|3.63e-71|2|371432|372085|371432[371432]:371644[371644]:213[213]|371867[371867]:372085[372085]:219[219]
84	124759+2376	0	2542	1	271850at4751_227321_1:000e6b|contig_81|+|1114|0|5|124759|127134|124759[124759]:124887[124887]:129[129]|124954[124954]:126099[126099]:1146[1146]|126288[126303]:126605[126605]:318[303]|126655[126658]:126744[126744]:90[87]|126799[126808]:127134[127134]:336[327]
84	126237+739	0	7103	1	271850at4751_930990_1:0038ec|contig_81|+|179|4.389e-47|2|126237|126975|126237[126237]:126605[126605]:369[369]|126799[126799]:126975[126975]:177[177]
